ラベル,ウォレット,エラー,確定損益,含み損益,合計損益,投入額,勝ち,負け,勝率%,平均購入額,1d損益,1d%,7d損益,7d%,30d損益,30d%,GMGN
GoFc-whale,GoFcUtqesnWYiPkdaRgyfaripkMiHozUGBawot73L8Ci,,-72742.07547294712,-79786.05456732382,-152528.13004027097,1030911.7089206049,6,68,7.79,5599.18,,,,,,,https://gmgn.ai/sol/address/GoFcUtqesnWYiPkdaRgyfaripkMiHozUGBawot73L8Ci
itai,9KEShFaBjyBjLVWSXGE6mvWwQbJkkxw1vF2K2R1abKvy,,483082.55452456535,-2892.296327918245,480190.2581966468,2251936.3271083343,933,2056,30.26,537.03,,,,,,,https://gmgn.ai/sol/address/9KEShFaBjyBjLVWSXGE6mvWwQbJkkxw1vF2K2R1abKvy
Ej1ck,Ej1ckSSumxx1Yh6vDwFuJLVAUg77XE6HpC45r4P6Uw9a,,-48750.275315129526,-2741.396044511218,-51491.67135964075,318194.02872674813,38,128,22.35,568.63,,,,,,,https://gmgn.ai/sol/address/Ej1ckSSumxx1Yh6vDwFuJLVAUg77XE6HpC45r4P6Uw9a
chungus,5XT2z88x9VNpAotua5KKJE95mciDhNLTraKftR1nDeAx,,17884.516468228292,-7532.202054317566,10352.314413910542,4569605.101830788,235,498,31.59,2519.52,,,,,,,https://gmgn.ai/sol/address/5XT2z88x9VNpAotua5KKJE95mciDhNLTraKftR1nDeAx
8fSn,8fSnLTnRViK83dDesivTsPx2wiRhwti9xoafeMGjEyLJ,,,,,,,,,,,,,,,,https://gmgn.ai/sol/address/8fSnLTnRViK83dDesivTsPx2wiRhwti9xoafeMGjEyLJ
chinaman,286CHN57Km41GsAnDv866WKd6YB6HPSjFgF4rGDJTRLf,,,,,,,,,,,,,,,,https://gmgn.ai/sol/address/286CHN57Km41GsAnDv866WKd6YB6HPSjFgF4rGDJTRLf
billy,FxxnUxtQubemKSh6KbhECdsyEYkX611YCMz5gLHHMUtR,,-180937.8633782314,-28840.278771646917,-209778.1421498783,597952.2612004505,21,186,10.05,906.96,,,,,,,https://gmgn.ai/sol/address/FxxnUxtQubemKSh6KbhECdsyEYkX611YCMz5gLHHMUtR
alwaysearly,FdzbvwoAuQfzBvHFcWmffujmCu3GhpsEzAYAcPtQamVo,,-4614.530706184668,-1.630087810632,-4616.1607939953,119000.86189373919,111,314,26,167.06,,,,,,,https://gmgn.ai/sol/address/FdzbvwoAuQfzBvHFcWmffujmCu3GhpsEzAYAcPtQamVo
superearly,Cvd6QQ4xwbhKGzKkPcR7ahzuwo3jxJVPgAc31PvMxqP1,,-87979.17721214253,-1492.9173688948358,-89472.09458103744,934017.2429945582,45,114,26.16,2243.58,,,,,,,https://gmgn.ai/sol/address/Cvd6QQ4xwbhKGzKkPcR7ahzuwo3jxJVPgAc31PvMxqP1
nunoeu,9RTva4wSk8E3EWYc8wtF9V94RUQGkemWtt3i8dUtsA4P,,185859.42016358237,-592.956341476535,185266.4638221048,9396952.478941975,1069,1601,39.71,1282.47,,,,,,,https://gmgn.ai/sol/address/9RTva4wSk8E3EWYc8wtF9V94RUQGkemWtt3i8dUtsA4P
kilofomo,8uSLJ2cauTgdYgGg4S7X79z9TRNiWXJoVBAAyw1tyGnw,,-4777.882689999999,0,-4777.882689999999,32355.772951,8,26,22.86,524.08,,,,,,,https://gmgn.ai/sol/address/8uSLJ2cauTgdYgGg4S7X79z9TRNiWXJoVBAAyw1tyGnw
tiktok,7TNYdvwDzuRKvquzn24grcGwvrtpsYK58GAWdRBnm3UT,,,,,,,,,,,,,,,,https://gmgn.ai/sol/address/7TNYdvwDzuRKvquzn24grcGwvrtpsYK58GAWdRBnm3UT
bottombid,BZmxuXQ68QeZABbDFSzveHyrXCv5EG6Ut1ATw5qZgm2Q,,,,,,,,,,,,,,,,https://gmgn.ai/sol/address/BZmxuXQ68QeZABbDFSzveHyrXCv5EG6Ut1ATw5qZgm2Q
chibi,34JiFUR96ULnvtp5h5gWgk6JrSvYFFB5LTnLWvPG4bTR,,,,,,,,,,,,,,,,https://gmgn.ai/sol/address/34JiFUR96ULnvtp5h5gWgk6JrSvYFFB5LTnLWvPG4bTR
decent,H3uLY81JmZbA4eCPtzmnjCAso2S41253F73YnArLpYCV,,,,,,,,,,,,,,,,https://gmgn.ai/sol/address/H3uLY81JmZbA4eCPtzmnjCAso2S41253F73YnArLpYCV
early6xX7,6xX7LudE5AqnTUc8dJJfzuarkSc6WMw7qRHgQXUdWauJ,,,,,,,,,,,,,,,,https://gmgn.ai/sol/address/6xX7LudE5AqnTUc8dJJfzuarkSc6WMw7qRHgQXUdWauJ
0xsneaky,FfztZq1outrYfyYbKw5P4LGo4xUc4XYEdf7o91UdS7qu,,,,,,,,,,,,,,,,https://gmgn.ai/sol/address/FfztZq1outrYfyYbKw5P4LGo4xUc4XYEdf7o91UdS7qu
animal,CUwyqt27UtTBxyxvj1hPqqyLVzrUgcDWAPJvwqnnwahn,,15438.89124282771,-16824.518813726914,-1385.627570899185,1005713.9182253795,332,760,26.56,374.82,,,,,,,https://gmgn.ai/sol/address/CUwyqt27UtTBxyxvj1hPqqyLVzrUgcDWAPJvwqnnwahn
s2a,24ATE6AQw7G3GHJJtWJCk3GofPjdNysqeQj46KgVRosU,,,,,,,,,,,,,,,,https://gmgn.ai/sol/address/24ATE6AQw7G3GHJJtWJCk3GofPjdNysqeQj46KgVRosU
s2b,S2XVoysKgsZ8ZPaUApxMCdYMjW2SFt8MjLCPwghb5VT,,,,,,,,,,,,,,,,https://gmgn.ai/sol/address/S2XVoysKgsZ8ZPaUApxMCdYMjW2SFt8MjLCPwghb5VT
DTD,FVugAb5gWb6vz3zUppNoC5gWvbVA5xDGKnL9tTmTnxsU,,25746.624386264266,-6601.787135223968,19144.83725104032,2816478.2363082394,733,1221,34.69,603.17,,,,,,,https://gmgn.ai/sol/address/FVugAb5gWb6vz3zUppNoC5gWvbVA5xDGKnL9tTmTnxsU
lowcap,E1zGzPY1WdJoHSzf928NWTkZjcAhnUaN1xzF6BhCTsvS,,646239.2930951676,-42789.67740268913,603449.6156924799,2514555.13844037,1358,2000,35.96,246.92,,,,,,,https://gmgn.ai/sol/address/E1zGzPY1WdJoHSzf928NWTkZjcAhnUaN1xzF6BhCTsvS
0xn4te,64U9MukooWV5ziNXx2PCmZNmktBzQoKXnKsDBLvgCQ5g,,-698331.9537008157,-307764.6474522144,-1006096.6011530296,5446345.520256725,59,248,17.35,2949.95,,,,,,,https://gmgn.ai/sol/address/64U9MukooWV5ziNXx2PCmZNmktBzQoKXnKsDBLvgCQ5g
henrique,D9NKx3SkKfJzXENgdPbTDxdvxTM7p6ckxoXmHwkgugVy,,-13703.98117546605,-41678.08036486271,-55382.06154032874,505869.49755300005,76,127,35.85,1128.91,,,,,,,https://gmgn.ai/sol/address/D9NKx3SkKfJzXENgdPbTDxdvxTM7p6ckxoXmHwkgugVy
fresh,7rAPgKoPA7DFYeHWpRq7SiQgB1zZN8ReasMKp6r2ATs8,,11124.555117203692,-287.11546985462,10837.439647349074,35072.919092568656,14,33,29.79,271.33,,,,,,,https://gmgn.ai/sol/address/7rAPgKoPA7DFYeHWpRq7SiQgB1zZN8ReasMKp6r2ATs8
chillguy,6tRZkbqwy99hWuExk8TnKYpUHHcQ6jb4FjnNwjh4RkHY,,-529279.0430706687,-92122.89186680583,-621401.9349374748,10448634.891987499,406,1134,25.89,530.08,,,,,,,https://gmgn.ai/sol/address/6tRZkbqwy99hWuExk8TnKYpUHHcQ6jb4FjnNwjh4RkHY
cryptodevin,G1pRtSyKuWSjTqRDcazzKBDzqEF96i1xSURpiXj3yFcc,,7079141.128451186,-5975.01323462,7073166.115216569,22026849.68930394,936,1457,37.08,2839.15,,,,,,,https://gmgn.ai/sol/address/G1pRtSyKuWSjTqRDcazzKBDzqEF96i1xSURpiXj3yFcc
kiloterminal,BRnRec2n8j4Tnhzdr3TucL1B7MPMQLbTSyjUFgNPjQC6,,-95.71498070059306,227.12330734346696,131.40832664287382,6883.934553389807,6,10,35.29,228.48,,,,,,,https://gmgn.ai/sol/address/BRnRec2n8j4Tnhzdr3TucL1B7MPMQLbTSyjUFgNPjQC6
gooddev,JDQKDrc1TQgBRvdFh56tkta5sYcDj1SoP52Eiu64rSrT,,,,,,,,,,,,,,,,https://gmgn.ai/sol/address/JDQKDrc1TQgBRvdFh56tkta5sYcDj1SoP52Eiu64rSrT
tekky,7EmUSAXbyXoGpqLPpurkQ97S4ovMdkbjyYPrKtJHtkqa,,,,,,,,,,,,,,,,https://gmgn.ai/sol/address/7EmUSAXbyXoGpqLPpurkQ97S4ovMdkbjyYPrKtJHtkqa
bundler,HQMsv1Dxb72zWq1Xn63pzm1RKShjetsguWr87UZuA1wG,,149657.37370436842,26319.94664546228,175977.320349832,513591.26759703585,968,1532,38.25,100.32,,,,,,,https://gmgn.ai/sol/address/HQMsv1Dxb72zWq1Xn63pzm1RKShjetsguWr87UZuA1wG
shizuka,GgbCFRHHAPv5i1fqt1D1buf8FPNA31oKrkZvXDyZymsT,,,,,,,,,,,,,,,,https://gmgn.ai/sol/address/GgbCFRHHAPv5i1fqt1D1buf8FPNA31oKrkZvXDyZymsT
ignite,D9Jibi4oneM46vCjF2qq8Azc2kPxCTfJKi6i5uMnz8Aq,,-126531.58759379665,14103.65055236604,-112427.93704143041,1698523.9427736495,120,601,16.42,694.27,,,,,,,https://gmgn.ai/sol/address/D9Jibi4oneM46vCjF2qq8Azc2kPxCTfJKi6i5uMnz8Aq
runners,HaHToYj1EDQf2FzwV9g34wWumk1nsgv55Mu2ou7FFX9Q,,736449.6156283198,-57257.06189854889,679192.553729769,2333491.8142393497,64,294,17.11,1106.44,,,,,,,https://gmgn.ai/sol/address/HaHToYj1EDQf2FzwV9g34wWumk1nsgv55Mu2ou7FFX9Q
