通知日時(JST),通知ts,段階,合計点,区分,シンボル,名前,アドレス,通知時価格,通知時時価総額,通知時流動性,テーマ,1時間後価格,1時間後%,6時間後価格,6時間後%,24時間後価格,24時間後%,DEX Screener
2026-10-04 10:16,1791076572,中,5,A,BASILISK,Roko's Basilisk,F6oVSkuXnKQZZutsuxr6tK3XJWkSUu6XgKzjEi3Jpump,0.0001199,119923.0,30637.79,,2.699e-06,-97.75,,,,,https://dexscreener.com/solana/F6oVSkuXnKQZZutsuxr6tK3XJWkSUu6XgKzjEi3Jpump
2026-10-04 10:16,1791076572,小,2,A,Malfoid,Female Draco Malfoy,6zzzG49KX5nksnqfogs31dwoMYSHaJXkropKbv1QZVga,0.0001478,140589.0,34071.22,,0.0001548,4.74,,,,,https://dexscreener.com/solana/6zzzG49KX5nksnqfogs31dwoMYSHaJXkropKbv1QZVga
2026-10-04 10:16,1791076573,中,5,A,momonga,Ezo Momonga,4SKVVMaesazTkmp3WDsGfGASFTR5HPkTF7i6qQiCpump,8.144e-05,76371.0,24303.25,,3.552e-05,-56.39,,,,,https://dexscreener.com/solana/4SKVVMaesazTkmp3WDsGfGASFTR5HPkTF7i6qQiCpump
2026-10-04 10:16,1791076574,中,3,A,CLAWDIA,Claudia’s Evil Sister,HVTyrR8fgesuVUajoXjUgHK7tAeQqeN7hJepu8Vtpump,0.0001567,154768.0,36464.33,,0.0001169,-25.4,,,,,https://dexscreener.com/solana/HVTyrR8fgesuVUajoXjUgHK7tAeQqeN7hJepu8Vtpump
2026-10-04 10:16,1791076574,小,2,A,MICRO,Microcat,DvNcJZTiSMD1RBCtZ2J31mh7s42CVCwrzGapv1Lypump,0.0003472,331563.0,67193.98,猫,0.0003433,-1.12,,,,,https://dexscreener.com/solana/DvNcJZTiSMD1RBCtZ2J31mh7s42CVCwrzGapv1Lypump
2026-10-04 10:16,1791076575,中,5,A,PRINTR,PrintR,8Y6pHi3cMhxhtHuzgGAsWgAJMyw3zaQLeFFf3qvRpump,0.0001278,120192.0,34674.33,AI,9.652e-05,-24.48,,,,,https://dexscreener.com/solana/8Y6pHi3cMhxhtHuzgGAsWgAJMyw3zaQLeFFf3qvRpump
2026-10-04 11:31,1791081077,中,5,A,X-D,X-DESK,Fa1As1BjL8EzhwxjNSi1ynt2kVGiYfpkXxbPVw42pump,7.736e-05,75004.0,24743.13,,,,,,,,https://dexscreener.com/solana/Fa1As1BjL8EzhwxjNSi1ynt2kVGiYfpkXxbPVw42pump
2026-10-04 11:31,1791081077,小,2,A,ABU,Abu Shalab,6hTLdzZaaCjmqtn7RtaEMQsCbXT5Pg8q76tRViEGpump,0.0003479,336117.0,56491.14,,,,,,,,https://dexscreener.com/solana/6hTLdzZaaCjmqtn7RtaEMQsCbXT5Pg8q76tRViEGpump
2026-10-04 11:36,1791081391,大,6,A,SPLICE,SPLICE,5F3cGFvbtkMw7Z3gKQeM6kzLZZZbP91oRpzSMYZDEkL,0.0001697,169767.0,267153.63,,,,,,,,https://dexscreener.com/solana/5F3cGFvbtkMw7Z3gKQeM6kzLZZZbP91oRpzSMYZDEkL
2026-10-04 11:36,1791081392,大,6,A,SPLICE,SPLICE,FeY3fwbvsm72ENw2UbiEHFKqmGj4Bu85UAsrfiX7Gifj,0.0001214,121467.0,205816.37,,,,,,,,https://dexscreener.com/solana/FeY3fwbvsm72ENw2UbiEHFKqmGj4Bu85UAsrfiX7Gifj
2026-10-04 11:36,1791081393,大,8,A,CRAWL,CRAWLNET,CGTf3S2AUN1d8Cx7e9qQGH3kYkyiGhzmzjA8nfFH6uJe,0.000104,104065.0,186959.56,,,,,,,,https://dexscreener.com/solana/CGTf3S2AUN1d8Cx7e9qQGH3kYkyiGhzmzjA8nfFH6uJe
2026-10-04 11:36,1791081394,中,3,A,AI,Artificial Influencer,AXC2XcQiVx6UfCgLHjpRBU4nupF4WdsptydKQCvxsRuU,0.0002749,253730.0,51769.39,AI,,,,,,,https://dexscreener.com/solana/AXC2XcQiVx6UfCgLHjpRBU4nupF4WdsptydKQCvxsRuU
2026-10-04 11:36,1791081395,中,3,A,DUST,dust,HAcEqEVru6dRbe1grLFTPBxjxGgjn1tVpR7bLgYXdust,9.311e-05,90465.0,30288.99,,,,,,,,https://dexscreener.com/solana/HAcEqEVru6dRbe1grLFTPBxjxGgjn1tVpR7bLgYXdust
2026-10-04 11:36,1791081397,大,7,A,STIMMY,STIMMY,7CHR2LVw4kwbR7p1ZRkdDgfysJmWTQXzXuNMrq8rpump,8.547e-05,85473.0,25859.82,,,,,,,,https://dexscreener.com/solana/7CHR2LVw4kwbR7p1ZRkdDgfysJmWTQXzXuNMrq8rpump
2026-10-04 11:36,1791081398,中,4,A,CODIE,01001111.ai,8crP2tYrWiei7M9ANt6CmpwQP8hJiS81znexiuf21111,9.253e-05,86647.0,27169.41,AI,,,,,,,https://dexscreener.com/solana/8crP2tYrWiei7M9ANt6CmpwQP8hJiS81znexiuf21111
2026-10-04 11:46,1791081966,大,6,A,CLAWDIA,Claudia’s Evil Sister,HVTyrR8fgesuVUajoXjUgHK7tAeQqeN7hJepu8Vtpump,7.398e-05,73077.0,24805.03,,,,,,,,https://dexscreener.com/solana/HVTyrR8fgesuVUajoXjUgHK7tAeQqeN7hJepu8Vtpump
2026-10-04 11:46,1791081970,大,6,A,CODIE,01001111.ai,8crP2tYrWiei7M9ANt6CmpwQP8hJiS81znexiuf21111,8.351e-05,78200.0,25738.77,AI,,,,,,,https://dexscreener.com/solana/8crP2tYrWiei7M9ANt6CmpwQP8hJiS81znexiuf21111
2026-10-04 11:46,1791081972,大,7,A,X-D,X-DESK,Fa1As1BjL8EzhwxjNSi1ynt2kVGiYfpkXxbPVw42pump,8.52e-05,82599.0,26111.6,,,,,,,,https://dexscreener.com/solana/Fa1As1BjL8EzhwxjNSi1ynt2kVGiYfpkXxbPVw42pump
2026-10-04 12:01,1791082892,中,5,A,CRAWL,CRAWLNET,CGTf3S2AUN1d8Cx7e9qQGH3kYkyiGhzmzjA8nfFH6uJe,0.0001218,121856.0,210687.81,,,,,,,,https://dexscreener.com/solana/CGTf3S2AUN1d8Cx7e9qQGH3kYkyiGhzmzjA8nfFH6uJe
2026-10-04 12:01,1791082893,中,5,A,PENIS,PENIS,5GWVzRPoYSxsaN18HEjTUCpMxfz2tDs4o85rN1cFpump,0.0001033,103339.0,28019.78,,,,,,,,https://dexscreener.com/solana/5GWVzRPoYSxsaN18HEjTUCpMxfz2tDs4o85rN1cFpump
