購入日時(JST),購入ts,段階,合計点,区分,シンボル,名前,アドレス,テーマ,購入価格,購入額USD,状態,残り割合,利確済み段階,売却済みUSD,最終確認価格,最高騰落%,最低騰落%,売却履歴,決済日時(JST),決済ts,決済理由,損益USD,損益%,損益SOL
2026-10-04 10:16,1791076572,中,5,A,BASILISK,Roko's Basilisk,F6oVSkuXnKQZZutsuxr6tK3XJWkSUu6XgKzjEi3Jpump,,0.0001199,24.03,決済済み,0.0,0,0.5302,2.699e-06,1.42,-97.75,1時間後 -98% 損切り 100%,2026-10-04 11:16,1791080203,損切り,-23.5,-97.8,-0.1957
2026-10-04 10:16,1791076572,小,2,A,Malfoid,Female Draco Malfoy,6zzzG49KX5nksnqfogs31dwoMYSHaJXkropKbv1QZVga,,0.0001478,24.03,決済済み,0.0,0,24.6672,0.0001548,4.74,-1.01,1時間後 +5% 時間撤退 100%,2026-10-04 11:16,1791080203,時間撤退,0.64,2.7,0.0053
2026-10-04 10:16,1791076573,中,5,A,momonga,Ezo Momonga,4SKVVMaesazTkmp3WDsGfGASFTR5HPkTF7i6qQiCpump,,8.144e-05,24.03,決済済み,0.0,0,13.4677,4.657e-05,0.0,-42.82,15分後 -43% 損切り 100%,2026-10-04 10:31,1791077482,損切り,-10.56,-44.0,-0.088
2026-10-04 10:16,1791076574,中,3,A,CLAWDIA,Claudia’s Evil Sister,HVTyrR8fgesuVUajoXjUgHK7tAeQqeN7hJepu8Vtpump,,0.0001567,24.03,決済済み,0.0,0,17.1641,0.0001142,29.93,-27.12,1時間後 -27% 時間撤退 100%,2026-10-04 11:16,1791080203,時間撤退,-6.87,-28.6,-0.0572
2026-10-04 10:16,1791076574,小,2,A,MICRO,Microcat,DvNcJZTiSMD1RBCtZ2J31mh7s42CVCwrzGapv1Lypump,猫,0.0003472,24.03,決済済み,0.0,0,23.2873,0.0003433,2.76,-1.12,1時間後 -1% 時間撤退 100%,2026-10-04 11:16,1791080203,時間撤退,-0.74,-3.1,-0.0062
2026-10-04 10:16,1791076575,中,5,A,PRINTR,PrintR,8Y6pHi3cMhxhtHuzgGAsWgAJMyw3zaQLeFFf3qvRpump,AI,0.0001278,24.03,決済済み,0.0,0,17.7873,9.652e-05,2.03,-24.48,1時間後 -24% 時間撤退 100%,2026-10-04 11:16,1791080203,時間撤退,-6.24,-26.0,-0.052
2026-10-04 11:31,1791081077,中,5,A,X-D,X-DESK,Fa1As1BjL8EzhwxjNSi1ynt2kVGiYfpkXxbPVw42pump,,7.736e-05,24.01,決済済み,0.0,0,10.6497,3.501e-05,27.57,-54.74,59分後 -55% 損切り 100%,2026-10-04 12:31,1791084673,損切り,-13.36,-55.6,-0.1111
2026-10-05 00:15,1791126952,中,5,A,Reelpad,Reelpad,2CZJzBoeS17uAQbAdBcrkpEJjPixEcsFvJAhwRV9pump,AI,0.0001129,24.39,決済済み,0.0,0,18.2302,8.61e-05,0.0,-23.74,1時間後 -24% 時間撤退 100%,2026-10-05 01:16,1791130565,時間撤退,-6.16,-25.3,-0.0506
2026-10-05 00:31,1791127878,小,2,A,Attention+,Attention Agents,75gGuxuqKhQQiHae8JKDQaetK3XguKf1rUJ1csispump,AI,0.0001905,24.36,決済済み,0.0,0,13.8489,0.0001105,0.0,-41.99,59分後 -42% 損切り 100%,2026-10-05 01:31,1791131468,損切り,-10.51,-43.1,-0.0865
2026-10-05 00:31,1791127880,中,4,A,LIFE,LIFE,7U62Lm4CKa25eRdBdYv3QeTJjJirxTVGJpA3ePkkpump,,6.765e-05,24.36,決済済み,0.0,0,11.71,3.318e-05,0.0,-50.95,59分後 -51% 損切り 100%,2026-10-05 01:31,1791131468,損切り,-12.65,-51.9,-0.1041
2026-10-06 00:01,1791212511,大,8,A,CZ,Cao Zhen,2EqBM9ssQ2peJ9rBX972zsJbW22aoqGMxri4sYAqVFSZ,有名人便乗,0.0001037,3.58,決済済み,0.0,0,4.2701,0.0001262,21.7,0.0,1時間14分後 +22% 時間撤退 100%,2026-10-06 01:16,1791216967,時間撤退,0.69,19.3,0.0058
2026-10-06 00:01,1791212514,大,7,A,JITI,Jiti,6YuVyHbjdwxiH1CLCSusP9yjXmsVvQfcTbSSPcFuXDew,,8.753e-05,3.58,決済済み,0.0,0,1.7602,4.391e-05,0.0,-49.83,13分後 -50% 損切り 100%,2026-10-06 00:15,1791213351,損切り,-1.82,-50.8,-0.0152
2026-10-06 00:31,1791214288,大,8,A,Harness-1,Harness-1,3dmBaeHraoT8QxmHa1b3UWE3VoE6TCSbcGFHpRrkpump,,6.564e-05,3.59,決済済み,0.0,0,1.7861,3.332e-05,0.0,-49.24,44分後 -49% 損切り 100%,2026-10-06 01:16,1791216967,損切り,-1.8,-50.2,-0.0151
2026-10-06 01:16,1791216966,中,3,A,Instinct,Instinct,8qfyGBXhN43m8nWcLeTVZVdCVyH554F5gpEWFBAYpump,,0.0002205,3.58,決済済み,0.0,0,1.8252,0.0001147,0.0,-47.98,29分後 -48% 損切り 100%,2026-10-06 01:45,1791218759,損切り,-1.75,-49.0,-0.0147
2026-10-06 01:31,1791217885,中,4,A,swordcali,cali wif sword,AsyWkgzTJD2VsiJYf7DSjs6LFyvMFZ6ojeVoEBvupump,犬,0.0001226,3.57,決済済み,0.0,1,5.3997,0.0001892,54.32,-19.21,1時間14分後 +54% +50%利確 50% → 1時間14分後 +54% 時間撤退 50%,2026-10-06 02:46,1791222361,時間撤退,1.83,51.3,0.0153
2026-10-06 16:01,1791270077,中,5,A,MAYA,MAYA BLOOM,3rFkS11wPsqUtfFuqVJggsW9ypCnBjS339Yir2e5PpAs,,7.311e-05,3.59,決済済み,0.0,0,2.6932,5.596e-05,0.0,-23.46,1時間14分後 -23% 時間撤退 100%,2026-10-06 17:15,1791274551,時間撤退,-0.9,-25.0,-0.0075
2026-10-06 16:01,1791270080,大,6,A,BEYOND,BEYOND,A7dfpukqXU3Qx4pzHotSLFzspDnYzME1X2PTxG3rpump,,9.21e-05,3.59,決済済み,0.0,0,1.0487,2.745e-05,35.07,-70.2,29分後 -70% 損切り 100%,2026-10-06 16:31,1791271863,損切り,-2.54,-70.8,-0.0212
2026-10-06 21:46,1791290771,中,4,A,MEMEAGENCY,Meme Agency,CyChQHfYv6Cn8rP1myNFhdVCGq25Fcah6wzTkiu9pump,,0.0002462,6.01,決済済み,0.0,0,2.5815,0.0001079,0.0,-56.17,15分後 -56% 損切り 100%,2026-10-06 22:01,1791291699,損切り,-3.43,-57.0,-0.0285
2026-10-06 23:01,1791295290,大,8,A,ore,ore,6iYXAzjtGwdxytoYMtxwBP1h7HnffdKj3e5usAk6XmwB,,9.773e-05,6.05,決済済み,0.0,0,7.8936,0.0001301,33.12,0.0,1時間後 +33% 時間撤退 100%,2026-10-07 00:01,1791298891,時間撤退,1.84,30.5,0.0151
2026-10-06 23:01,1791295291,大,8,A,JUICE,Juice Pools,KLk2odLVLKqTjHqmFKwB98rR61iH359zyPD6yeSZWKY,,0.0001592,6.05,決済済み,0.0,0,6.0674,0.0001629,2.32,-3.96,1時間後 +2% 時間撤退 100%,2026-10-07 00:01,1791298891,時間撤退,0.02,0.3,0.0001
2026-10-06 23:16,1791296167,大,8,A,Agency,Agency,A1uc3xZVspU7A7xAh6ytJN2Cwo3LP24RS9VEfyu21UHq,,9.397e-05,6.05,決済済み,0.0,0,7.7551,0.0001229,37.17,0.0,1時間後 +31% 時間撤退 100%,2026-10-07 00:16,1791299773,時間撤退,1.71,28.2,0.014
2026-10-07 00:31,1791300685,中,5,A,UP,Uncle Pussy,FzPujTgKNJVim7YYa5HYHngGtf19QwV6ACJ1zDLWpump,,0.0002284,6.07,決済済み,0.0,0,6.2175,0.0002387,17.16,-7.97,1時間14分後 +5% 時間撤退 100%,2026-10-07 01:46,1791305172,時間撤退,0.15,2.4,0.0012
2026-10-07 00:45,1791301557,中,4,A,CHONK,Super Chonk,42iYbRaVhj4dy6WXTWFMZ45rWVUxW3UdBPndaNRdpump,,0.0001495,6.07,決済済み,0.0,0,0.1059,2.661e-06,0.0,-98.22,15分後 -98% 損切り 100%,2026-10-07 01:01,1791302493,損切り,-5.96,-98.3,-0.0495
2026-10-07 01:46,1791305165,大,6,A,Cartridge,Cartridge,ArenDYANqFNkp8ZqAXt69vT5Dz7WD4zDfSpVw6oPpump,,0.0001695,6.04,保有中,1.0,0,0.0,0.0001716,16.52,0.0,,,,,,,
2026-10-07 02:01,1791306105,中,4,A,CYBERTRUCK,Cybertruck,CLHMgCrEz7GE5HJPsrTEgvE5MYYtQQ1Tkm11Yan9wKwr,,0.0001116,6.02,保有中,1.0,0,0.0,9.645e-05,0.0,-13.58,,,,,,,
2026-10-07 02:01,1791306105,中,4,A,catana,cat wif katana,BaqDcVARx7Bcs73o6pvexwNcpnHuW8z11zaw2Mjepump,猫・犬,0.0002061,6.02,保有中,1.0,0,0.0,0.0001842,0.0,-10.63,,,,,,,
