日時(JST),判定,合計点,点数の内訳,理由,区分,シンボル,名前,アドレス,検出元,経過(分),時価総額USD,流動性USD,価格USD,5分%,1時間%,6時間%,バンドル%,スナイパー%,上位10%,開発者%,保有者数,卒業進捗%,インサイダー数,LP状態,テーマ,便乗の疑い,除外したプール口座
2026-10-04 00:18,除外,,,アドレス末尾が「pump」でなく、発行元も Pump.Fun でない(発行元: 不明),A,INU,Im Now Useless,GE4TWUwy7WgnS4WrwErajDYFvj4rxRrbpFiEvreqBozP,DEX新着,7.27,82934.0,27014.31,8.293e-05,54.82,62.77,62.77,,,26.12,0.0,,,0,,犬,,17.06%(口座一致)
2026-10-04 00:18,見送り,,,"時価総額が$15,000〜$60,000の範囲外",B,ween,ween,99GvkvwT4kF5otGJnYfDbduZPsxkMpPKk5YxqajHnMEg,DEX新着,19.88,3377.73,,3.377e-06,-18.01,-21.45,-21.45,,,0.54,0.0,,,4,,,,99.45%(口座一致)
2026-10-04 00:18,見送り,,,"時価総額が$15,000〜$60,000の範囲外",B,Bamboo,Skateboarding Dog,HsSmmGcrQEbo5fdyrqPrUPsqXMqf1fuuHZJatxiDcGzj,DEX新着,17.18,3552.84,,3.552e-06,-7.57,-22.03,-22.03,,,2.91,0.0,,,4,,犬,,96.8%(口座一致)
2026-10-04 00:18,見送り,,,"時価総額が$15,000〜$60,000の範囲外",B,Knox,Justice For Knox,6akNLpNd11oq4q5zxhXGwr5jwUi6Ke4CvKmF6QeUwJCQ,DEX新着,21.49,10781.64,,1.078e-05,-4.75,166.0,166.0,,,19.9,0.0,,,8,,,,47.12%(口座一致)
2026-10-04 00:18,見送り,,,バンドル率が取得できない,A,PURRSWORD,Purrsword,GgdAua8qfnwFKZxKEnDqTcJz5jQ81NURPWBK1qDzpump,DEX新着,56.68,339586.0,52958.15,0.0003427,3.92,419.0,419.0,,,2.45,0.71,,,274,,猫・犬,,7.99%(口座一致)
2026-10-04 00:18,見送り,,,"時価総額が$15,000〜$60,000の範囲外",B,Slopfluencer,Slopfluencer,7Ye3gsnHhk3hiY2u7XfVcLRSQiQhQn3meNaANiLVa7NU,DEX新着,26.2,4291.88,,4.291e-06,-5.39,5.71,5.71,,,11.48,0.0,,,0,,,,87.41%(口座一致)
2026-10-04 00:18,見送り,,,"時価総額が$15,000〜$60,000の範囲外",B,FIRM,Pumpfirm,Eufd3okQ93hz7sbuhyVt7Hdzfzr63Rm6AXoBXgVQpump,DEX新着,23.91,3647.69,,3.647e-06,-2.84,4.33,4.33,,,4.4,0.0,,,0,,,,95.43%(口座一致)
2026-10-04 00:18,見送り,,,"流動性$15,000未満 / (拡張機能などの安全性は未確認)",A,Chin,Ched Chin,CUqmL3KH6ZifP1pcZCxqQ8w2AkkoPVzSnuBdBpezpump,DEX新着,34.04,6301.0,5186.92,6.301e-06,4.35,-87.17,-87.17,,,,,,,0,,,,
2026-10-04 00:18,除外,,,アドレス末尾が「pump」でなく、発行元も Pump.Fun でない(発行元: 不明),A,SXG,sxg.systems,Qm8obvyr3zfinnfUc49hvoH9EjA2s84wnjuTqKQXSXG,DEX新着,66.77,19294.09,,1.929e-05,8.07,47.99,424.0,,,58.3,0.0,,,0,,,,
2026-10-04 00:18,見送り,,,"時価総額が$15,000〜$60,000の範囲外",B,INSIDER,The Ghost,DA7ThrmZwetSbC5GCdNSQX5NsQuwEdY3tATREpMWpump,DEX新着,43.8,3375.61,,3.375e-06,,-8.15,-8.15,,,0.49,0.0,,,0,,,,99.51%(口座一致)
2026-10-04 00:18,除外,,,アドレス末尾が「pump」でなく、発行元も Pump.Fun でない(発行元: 不明),A,GG,Golden Goose,6rXCb1aK833n9Xy5Y6VPXpScNAuzQzu3jvSUs6cN2RGy,DEX新着,48.18,185730.0,40582.34,0.0001857,-9.04,275.0,275.0,,,27.05,0.0,,,602,,,,10.67%(口座一致)
2026-10-04 00:18,見送り,,,"時価総額が$15,000〜$60,000の範囲外",B,MIF,Memecoin Investment Fund,Ey7DcEsCpSRs8JkSmgBbot5ZBSazyZk68SCxtVXApump,DEX新着,47.22,3365.39,,3.365e-06,,-5.53,-5.53,,,0.28,0.0,,,0,,,,99.72%(口座一致)
2026-10-04 00:18,除外,,,アドレス末尾が「pump」でなく、発行元も Pump.Fun でない(発行元: 不明),A,BALL,WeBall,6R55kUofnvSoFonSQjb7Un3E4bWCxwc4E7dMFDWWLm3s,DEX新着,73.45,6004.38,,6.004e-06,-7.15,-42.3,83.34,,,91.41,0.0,,,0,,,,
2026-10-04 00:18,見送り,,,"時価総額が$15,000〜$60,000の範囲外",B,AMM,Actively Managed Meme,CX31iu9pjX11YCesskWds9Ly9BTrRtYAKWhgcg6tqpWM,DEX新着,52.03,4861.06,,4.861e-06,-7.12,3.42,3.42,,,18.26,0.0,,,0,,,,81.74%(口座一致)
2026-10-04 00:18,見送り,,,"時価総額が$15,000〜$60,000の範囲外",B,Elephant,elephantwifblanket,2quwygNbREuVEjfKkUjHUwQVtoJsVm5VLvKhxfcCHi4K,DEX新着,54.29,13678.44,,1.367e-05,-4.78,239.0,239.0,,,22.21,0.0,,,5,,,,45.18%(口座一致)
2026-10-04 00:18,除外,,,開発者のラグ歴(Creator history of rugged tokens),B,PumpNation,PumpNation,En7EQxwDeR7UZeUisxsKQYYbzGsFTyNUv3qbXM6pump,DEX新着,55.44,4078.09,,4.078e-06,-0.81,-67.98,-67.98,,,4.49,0.0,,,0,,,,92.33%(口座一致)
2026-10-04 00:18,見送り,,,"時価総額が$15,000〜$60,000の範囲外",B,OSC,Open-Source Coin,GPiMBn7y1CbEcPiCAGXKwXSSaQahSv1EtCTs21nLzDfL,DEX新着,63.42,3351.7,,3.351e-06,,-40.89,-21.68,,,0.21,0.0,,,0,,,,99.79%(口座一致)
2026-10-04 00:18,見送り,,,"流動性$15,000未満",A,ALT-COIN,Alt-coin,EWmq71sDmHXAA3pqCwJ9m1NTGTAfstXHSt7pJz1AkVqe,DEX新着,62.11,3022.0,3245.85,3.374e-06,-0.28,-92.55,-93.13,,,10.58,0.0,,,0,,,,87.99%(口座一致)
2026-10-04 00:18,見送り,,,"時価総額が$15,000〜$60,000の範囲外",B,PUGCOIN,PUGCOIN,J57TGs6cx7CvyP5jJA4D92Ezt9VPerGEe6rsbDcMFBhn,DEX新着,66.54,3428.09,,3.428e-06,-0.08,-30.59,-27.34,,,1.29,0.0,,,23,,,,98.67%(口座一致)
2026-10-04 00:18,見送り,,,"流動性$15,000未満 / (拡張機能などの安全性は未確認)",A,FSJAL,Fsjal,BttJJaXbWsyCX3SFwtSHGQrsMnjrrkXtJQw5K15zpump,DEX CTO,723431.12,14527.0,12043.63,1.456e-05,,4.43,49.67,,,,,,,0,,,,
2026-10-04 00:18,見送り,,,バンドル率が取得できない,A,PUTIN,Put In,H5Kugtkfc5vrm3oSdX6FDkxuutRK1S3GW7Rr7UgnoDhP,DEX CTO,3447.78,30014.0,15794.66,3.077e-05,0.56,33.32,116.0,,,19.61,0.0,,,0,,有名人便乗,,29.86%(口座一致)
2026-10-04 00:18,見送り,,,バンドル率が取得できない,A,PLAGUE,Yersinia pestis,CscZaq5twomhUkvCY8Jdd1tge32L4Yj9FbkFFEZQpump,DEX CTO,222.21,66376.0,22109.31,6.901e-05,-2.18,17.32,40.23,,,29.05,0.0,,,4,,,,20.36%(口座一致)
2026-10-04 00:18,除外,,,アドレス末尾が「pump」でなく、発行元も Pump.Fun でない(発行元: 不明),A,supercycle,supercycle,6xCiwkREkYzLdnDcCV9uS3hBZidXuwkc9L9c67dQSTNK,DEX CTO,5148.71,44289.0,21819.58,4.428e-05,,-7.15,-17.94,,,48.28,0.0,,,8,,犬・AI・有名人便乗,,
2026-10-04 00:18,見送り,,,"流動性$15,000未満",A,INU,INU #001,EctWxLaSn6gMzchCrpZtazJnQDZTWb8438gXwxZZUJz8,DEX CTO,1023.06,3711.0,3695.48,3.842e-06,,-4.21,-15.17,,,11.3,0.0,,,4,,犬,,77.66%(口座一致)
2026-10-04 00:18,見送り,,,"流動性$15,000未満",A,Don,HelpDonRetire,6fsiFuTnLN78VX5MVy2KZo3gCt3f8M1iSrmJzje6Jk3k,DEX CTO,6538.25,12386.0,8622.01,1.262e-05,,-11.24,-16.01,,,27.23,0.0,,,19,,,,43.29%(口座一致)
2026-10-04 00:18,除外,,,アドレス末尾が「pump」でなく、発行元も Pump.Fun でない(発行元: 不明),A,backpack,Bear 89 Backpack,G6autZruJLEzYKRh84qTsbVhrTvLEbjBYdHnBQH1zitp,DEX CTO,5164.78,316642.0,63583.99,0.0003166,-2.06,17.49,26.32,,,20.87,0.0,,,77,,その他の動物,,10.01%(口座一致) / 1.54%(金額一致) / 1.49%(金額一致) / 1.32%(口座一致) / 1.3%(金額一致) / 1.2%(金額一致) / 1.12%(金額一致) / 1.11%(金額一致) / 1.1%(金額一致) / 1.05%(金額一致)
2026-10-04 00:18,除外,,,アドレス末尾が「pump」でなく、発行元も Pump.Fun でない(発行元: 不明),A,GG,Golden Goose,Fcr5Ps2Rn6R6QjNSJCScWMhrGWvaU1t23R7UNv1iGDhk,DEX CTO,2845.74,48444.0,21939.03,4.844e-05,5.23,-9.03,60.51,,,26.45,0.0,,,377,,,,22.9%(口座一致)
2026-10-04 00:18,見送り,,,バンドル率が取得できない,A,MICRO,Microcat,DvNcJZTiSMD1RBCtZ2J31mh7s42CVCwrzGapv1Lypump,DEXブースト,3841.16,241125.0,56592.59,0.0002525,-0.05,-3.49,16.48,,,16.22,0.0,,,19,,猫,,12.09%(口座一致) / 0.7%(金額一致)
2026-10-04 00:18,見送り,,,"時価総額が$15,000〜$60,000の範囲外",B,SNIPE,SnipeKiller,G1yqV4oD7SPgniejweUX4dATrCswMvgQzPe7XG4opump,DEXブースト,4218.7,11945.94,,1.194e-05,0.13,-9.64,31.39,,,27.36,3.68,,,13,,,,49.46%(口座一致)
2026-10-04 00:18,見送り,,,"流動性$15,000未満 / (拡張機能などの安全性は未確認)",A,PUMP,PUMPKIN HEAD 🎃,5U2xu35J4LmURGsxCPZi1ZWSBRkKExcNKkmv5Zr8pump,DEXブースト,575.95,17508.0,10250.81,1.811e-05,,-2.36,-35.72,,,,,,,0,,,,
2026-10-04 00:18,除外,,,アドレス末尾が「pump」でなく、発行元も Pump.Fun でない(発行元: 不明),A,OVERNINE,OVERNINE,J1naGN4xoxiU4YXGbqBdivbhZHpAqKEjDzmGq6XtBAfb,DEXブースト,1489.38,15182.59,,1.518e-05,,0.01,-14.1,,,97.58,3.8,,,9,,,,
2026-10-04 00:18,見送り,,,バンドル率が取得できない,A,CAREBOND,Care Bond,2BcRevrDhP4MgCw2KyqByFZ4S7mpsi1vY8ZypXwepump,DEXブースト,356.23,62317.0,21851.6,6.51e-05,1.72,-11.07,31.98,,,18.07,0.0,,,0,,,,19.1%(口座一致)
2026-10-04 00:18,除外,,,アドレス末尾が「pump」でなく、発行元も Pump.Fun でない(発行元: 不明),A,FLOPPY,Memory Cat,8StnEDgfxfvxpCUUMH9ChXaqAkGGtxvnfxCAYHYnPXja,DEXブースト,29254.74,108860.0,30670.08,0.0001088,,-0.61,-4.0,,,26.79,2.66,,,23,,猫,,14.98%(口座一致) / 2.49%(金額一致) / 1.8%(金額一致) / 1.58%(金額一致) / 1.55%(金額一致)
2026-10-04 00:18,見送り,,,卒業までの進み具合が取得できない / 保有者数が取得できない / バンドル率が取得できない,B,Botizens,Botizens,Ban1QaquJCpWkZXMneVBqVBkqeBTFYQqZRkco2CYpump,DEXブースト,1826.1,31015.8,,3.101e-05,9.26,-5.36,-13.84,,,32.16,4.33,,,0,,AI,,27.93%(口座一致)
2026-10-04 00:18,除外,,,アドレス末尾が「pump」でなく、発行元も Pump.Fun でない(発行元: 不明),A,HCAT,HookedCat,DEFgyC6HPXdq9Qb1YUe6uekCGWbN9Fqre4EgUap3Mhe,DEXブースト,6909.65,23995.95,,2.41e-05,0.74,-4.7,5.11,,,60.35,0.0,,,0,,猫,,
2026-10-04 00:18,見送り,,,"時価総額が$15,000〜$60,000の範囲外",B,PHANTOM,Phantom,FPCWJEqRJmK2J9v68GnQNomGPqdVNju3QSxpmErY1wyE,DEXブースト,,13206.45,,1.32e-05,-2.08,-6.29,155.0,,,24.69,0.0,,,0,,,,49.73%(口座一致)
2026-10-04 00:18,見送り,,,バンドル率が取得できない,A,DARKPOOL,DARKPOOL,fCUBpdeRn76xfRaa4UPHDauGeRG3EvMB3MjuRgdpump,DEXブースト,287.42,143122.0,37482.04,0.0001617,-5.83,5.09,228.0,,,19.14,0.0,,,6,,,,13.83%(口座一致) / 13.45%(金額一致)
2026-10-04 00:18,見送り,,,卒業までの進み具合が取得できない / 保有者数が取得できない / バンドル率が取得できない,B,pumptom,pumptom bot,9Qmz39S4LvrtsBg9MuUPgdZKfXoYYcggZKjAsFQ7pump,DEXブースト,309.2,49042.66,,4.904e-05,,,399.0,,,4.35,0.0,,,0,,,,92.18%(口座一致)
2026-10-04 00:18,除外,,,アドレス末尾が「pump」でなく、発行元も Pump.Fun でない(発行元: 不明),A,JUF,jupdotfun,GFkfaUEJApu9Jf2AmAN2hgk5SteXRXJ19opJoL5bZwKw,DEXブースト,5477.76,167974.0,40084.04,0.0001857,21.12,-0.83,33.26,,,24.37,2.82,,,10,,宇宙,,13.98%(口座一致) / 5.92%(口座一致) / 5.5%(金額一致)
2026-10-04 00:18,見送り,,,"流動性$15,000未満 / (拡張機能などの安全性は未確認)",A,PumpAgents,PumpAgents,GrtsHnsBD3YfQj6Q3myHKQ3Fpq5BNki7nazkBL5dpump,DEXブースト,343.13,2312.0,2495.79,2.399e-06,,,-95.16,,,,,,,0,,AI,,
2026-10-04 00:18,見送り,,,卒業までの進み具合が取得できない / 保有者数が取得できない / バンドル率が取得できない,B,KOPI,KOPI INU,72SZVRcj9VidyYRXiv97RkjTgoCYhoXPBcWeGpmpump,DEXブースト,389.82,30138.75,,3.013e-05,0.21,3.42,6.7,,,16.76,0.78,,,0,,犬,,28.42%(口座一致)
2026-10-04 00:18,見送り,,,バンドル率が取得できない,A,PRINTR,PrintR,8Y6pHi3cMhxhtHuzgGAsWgAJMyw3zaQLeFFf3qvRpump,DEXブースト,589.3,78562.0,27034.19,8.282e-05,1.23,-1.33,-43.69,,,12.79,0.0,,,8,,AI,,18.49%(口座一致) / 2.08%(金額一致) / 1.94%(金額一致) / 1.91%(口座一致) / 1.77%(金額一致) / 1.62%(金額一致) / 1.56%(金額一致) / 1.52%(金額一致)
2026-10-04 00:18,見送り,,,"流動性$15,000未満 / (拡張機能などの安全性は未確認)",A,Mymo,Mymo The Cat,Bg2Du2Hbz4hTC2UTUvfduP6WvCzGJsWkphoED3tgpump,DEXブースト,467.0,2600.0,2685.07,2.706e-06,-1.7,-3.62,-8.02,,,,,,,0,,猫・犬,,
